{
  "L1Juror1": {
    "n_comparisons": 8,
    "mult_stats": {
      "min": 2.22,
      "max": 153.0,
      "mean": 36.38,
      "median": 10.0
    },
    "log_ratio_stats": {
      "mean": 1.8441721398571957,
      "std": 2.199117293215111
    },
    "cat_win_rates": {
      "CL": 1.0,
      "TOOLS": 0.6666666666666666,
      "EL": 0.3333333333333333,
      "LANG": 0.0
    },
    "style": "balanced"
  },
  "L1Juror10": {
    "n_comparisons": 7,
    "mult_stats": {
      "min": 1.5,
      "max": 50.0,
      "mean": 11.642857142857142,
      "median": 5.0
    },
    "log_ratio_stats": {
      "mean": 0.015051502236832381,
      "std": 2.082177044226374
    },
    "cat_win_rates": {
      "CL": 0.5,
      "TOOLS": 0.5,
      "EL": 0.6,
      "LANG": 0.4
    },
    "style": "balanced"
  },
  "L1Juror11": {
    "n_comparisons": 11,
    "mult_stats": {
      "min": 1.5,
      "max": 500.0,
      "mean": 236.04545454545453,
      "median": 200.0
    },
    "log_ratio_stats": {
      "mean": 0.6338448909199733,
      "std": 4.8531567675052205
    },
    "cat_win_rates": {
      "CL": 0.7,
      "TOOLS": 0.0,
      "SPECS": 1.0,
      "EL": 0.5,
      "LANG": 0.3333333333333333
    },
    "style": "extreme"
  },
  "L1Juror12": {
    "n_comparisons": 16,
    "mult_stats": {
      "min": 1.0,
      "max": 10.0,
      "mean": 4.84375,
      "median": 5.0
    },
    "log_ratio_stats": {
      "mean": -0.5396860141920389,
      "std": 1.4171976307419207
    },
    "cat_win_rates": {
      "CL": 0.6666666666666666,
      "TOOLS": 0.375,
      "SPECS": 0.0,
      "EL": 0.5,
      "INFRA": 0.0,
      "LANG": 0.6363636363636364
    },
    "style": "conservative"
  },
  "L1Juror13": {
    "n_comparisons": 23,
    "mult_stats": {
      "min": 1.5,
      "max": 30.0,
      "mean": 5.934782608695652,
      "median": 4.0
    },
    "log_ratio_stats": {
      "mean": -0.48347316855915745,
      "std": 1.5916054971030087
    },
    "cat_win_rates": {
      "CL": 0.75,
      "TOOLS": 0.38095238095238093,
      "SPECS": 0.5,
      "EL": 0.7777777777777778,
      "LANG": 0.16666666666666666
    },
    "style": "conservative"
  },
  "L1Juror14": {
    "n_comparisons": 14,
    "mult_stats": {
      "min": 2.0,
      "max": 30.0,
      "mean": 7.285714285714286,
      "median": 5.0
    },
    "log_ratio_stats": {
      "mean": 0.2719044635550229,
      "std": 1.7963362513598191
    },
    "cat_win_rates": {
      "CL": 0.0,
      "TOOLS": 0.7142857142857143,
      "EL": 0.2,
      "INFRA": 0.5,
      "LANG": 0.7777777777777778
    },
    "style": "conservative"
  },
  "L1Juror15": {
    "n_comparisons": 13,
    "mult_stats": {
      "min": 1.5,
      "max": 20.0,
      "mean": 4.11,
      "median": 2.5
    },
    "log_ratio_stats": {
      "mean": -0.2946051651857626,
      "std": 1.2527806620777289
    },
    "cat_win_rates": {
      "CL": 0.75,
      "TOOLS": 0.5,
      "SPECS": 0.0,
      "EL": 0.75,
      "LANG": 0.2857142857142857
    },
    "style": "conservative"
  },
  "L1Juror16": {
    "n_comparisons": 2,
    "mult_stats": {
      "min": 2.0,
      "max": 20.0,
      "mean": 11.0,
      "median": 20.0
    },
    "log_ratio_stats": {
      "mean": -1.8444397270569681,
      "std": 1.1512925464970227
    },
    "cat_win_rates": {
      "CL": 1.0,
      "TOOLS": 0.0,
      "EL": 0.0,
      "LANG": 1.0
    },
    "style": "balanced"
  },
  "L1Juror17": {
    "n_comparisons": 22,
    "mult_stats": {
      "min": 1.0,
      "max": 999.0,
      "mean": 73.3409090909091,
      "median": 20.0
    },
    "log_ratio_stats": {
      "mean": 0.6463625075335844,
      "std": 3.2394362928662286
    },
    "cat_win_rates": {
      "CL": 0.7777777777777778,
      "TOOLS": 0.391304347826087,
      "SPECS": 0.0,
      "EL": 0.75,
      "LANG": 0.42857142857142855
    },
    "style": "balanced"
  },
  "L1Juror18": {
    "n_comparisons": 3,
    "mult_stats": {
      "min": 250.0,
      "max": 999.0,
      "mean": 616.3333333333334,
      "median": 600.0
    },
    "log_ratio_stats": {
      "mean": -1.6705452648099461,
      "std": 6.075588772794282
    },
    "cat_win_rates": {
      "CL": 0.5,
      "TOOLS": 1.0,
      "LANG": 0.0
    },
    "style": "balanced"
  },
  "L1Juror19": {
    "n_comparisons": 18,
    "mult_stats": {
      "min": 1.0,
      "max": 100.0,
      "mean": 31.38888888888889,
      "median": 10.0
    },
    "log_ratio_stats": {
      "mean": 0.8161655164065653,
      "std": 2.6264297279903044
    },
    "cat_win_rates": {
      "CL": 0.5,
      "TOOLS": 0.25,
      "SPECS": 1.0,
      "EL": 1.0,
      "LANG": 0.42857142857142855
    },
    "style": "extreme"
  },
  "L1Juror20": {
    "n_comparisons": 10,
    "mult_stats": {
      "min": 2.0,
      "max": 100.0,
      "mean": 19.0,
      "median": 5.0
    },
    "log_ratio_stats": {
      "mean": 0.04054651081081636,
      "std": 2.3756226193702084
    },
    "cat_win_rates": {
      "CL": 1.0,
      "TOOLS": 0.3,
      "SPECS": 1.0,
      "EL": 1.0,
      "LANG": 0.0
    },
    "style": "balanced"
  },
  "L1Juror21": {
    "n_comparisons": 13,
    "mult_stats": {
      "min": 1.0,
      "max": 999.0,
      "mean": 133.84615384615384,
      "median": 6.0
    },
    "log_ratio_stats": {
      "mean": -0.7336803029703566,
      "std": 3.2943692794877157
    },
    "cat_win_rates": {
      "CL": 0.8333333333333334,
      "TOOLS": 0.25,
      "SPECS": 0.0,
      "EL": 0.8333333333333334,
      "INFRA": 0.0,
      "LANG": 0.3333333333333333
    },
    "style": "extreme"
  },
  "L1Juror22": {
    "n_comparisons": 7,
    "mult_stats": {
      "min": 2.0,
      "max": 5.0,
      "mean": 2.857142857142857,
      "median": 2.0
    },
    "log_ratio_stats": {
      "mean": -0.558860429346878,
      "std": 0.8780311580155618
    },
    "cat_win_rates": {
      "CL": 0.75,
      "TOOLS": 0.42857142857142855,
      "LANG": 0.3333333333333333
    },
    "style": "balanced"
  },
  "L1Juror23": {
    "n_comparisons": 3,
    "mult_stats": {
      "min": 1.5,
      "max": 4.0,
      "mean": 2.5,
      "median": 2.0
    },
    "log_ratio_stats": {
      "mean": 0.36620409622270317,
      "std": 0.8493822663585797
    },
    "cat_win_rates": {
      "TOOLS": 0.4,
      "LANG": 1.0
    },
    "style": "balanced"
  },
  "L1Juror24": {
    "n_comparisons": 20,
    "mult_stats": {
      "min": 1.2,
      "max": 900.0,
      "mean": 84.83500000000001,
      "median": 5.0
    },
    "log_ratio_stats": {
      "mean": 0.5284117629287188,
      "std": 2.962051754679311
    },
    "cat_win_rates": {
      "CL": 0.5714285714285714,
      "TOOLS": 0.3125,
      "SPECS": 0.0,
      "EL": 0.6666666666666666,
      "LANG": 0.7777777777777778
    },
    "style": "balanced"
  },
  "L1Juror25": {
    "n_comparisons": 4,
    "mult_stats": {
      "min": 2.0,
      "max": 30.0,
      "mean": 11.0,
      "median": 8.0
    },
    "log_ratio_stats": {
      "mean": 0.8502993454155389,
      "std": 1.9622977549689002
    },
    "cat_win_rates": {
      "CL": 0.0,
      "TOOLS": 0.6,
      "EL": 0.5
    },
    "style": "balanced"
  },
  "L1Juror26": {
    "n_comparisons": 12,
    "mult_stats": {
      "min": 2.0,
      "max": 10.0,
      "mean": 3.5,
      "median": 2.0
    },
    "log_ratio_stats": {
      "mean": -0.09692923415047339,
      "std": 1.2102524113456636
    },
    "cat_win_rates": {
      "CL": 0.6666666666666666,
      "TOOLS": 0.5,
      "SPECS": 1.0,
      "EL": 0.2857142857142857,
      "INFRA": 1.0,
      "LANG": 0.0
    },
    "style": "conservative"
  },
  "L1Juror27": {
    "n_comparisons": 21,
    "mult_stats": {
      "min": 3.0,
      "max": 28.0,
      "mean": 7.0,
      "median": 5.0
    },
    "log_ratio_stats": {
      "mean": -0.20278788466204098,
      "std": 1.811338837678937
    },
    "cat_win_rates": {
      "CL": 0.36363636363636365,
      "TOOLS": 0.5384615384615384,
      "EL": 0.7142857142857143,
      "LANG": 0.45454545454545453
    },
    "style": "conservative"
  },
  "L1Juror28": {
    "n_comparisons": 20,